epoch,time,train/box_loss,train/cls_loss,train/dfl_loss,metrics/precision(B),metrics/recall(B),metrics/mAP50(B),metrics/mAP50-95(B),val/box_loss,val/cls_loss,val/dfl_loss,lr/pg0,lr/pg1,lr/pg2
1,13.5356,2.47373,5.06971,1.10388,0,0,0,0,1.87859,4.96717,0.9672,0.000185185,0.000185185,0.000185185
2,18.0127,1.88271,4.65615,0.93277,0.0008,0.0281,0.00115,0.00022,1.49113,4.82615,0.85998,0.000389623,0.000389623,0.000389623
3,22.688,1.84125,4.18991,0.87031,0.00171,0.02426,0.00026,6e-05,1.47478,4.7736,0.8608,0.000589935,0.000589935,0.000589935
4,27.6068,1.674,3.71148,0.8696,0.00301,0.04103,0.00086,0.00021,1.43014,4.69731,0.85649,0.000606437,0.000606437,0.000606437
5,32.2342,1.75468,3.50551,0.85613,0.00613,0.04776,0.00198,0.00045,1.5272,4.62115,0.86659,0.00060025,0.00060025,0.00060025
6,37.1077,1.62561,3.31789,0.85979,0.02277,0.13392,0.01922,0.00832,1.33815,4.42391,0.83874,0.000594062,0.000594062,0.000594062
7,41.8871,1.57859,3.02616,0.84435,0.02775,0.27439,0.04042,0.01942,1.26201,4.24225,0.83089,0.000587875,0.000587875,0.000587875
8,46.644,1.50813,2.79174,0.83908,0.03679,0.41119,0.0625,0.03215,1.36817,4.07607,0.84586,0.000581687,0.000581687,0.000581687
9,51.1534,1.47693,2.67019,0.84164,0.0481,0.68323,0.10619,0.06498,1.14407,3.81968,0.82867,0.0005755,0.0005755,0.0005755
10,55.9299,1.49719,2.51171,0.83548,0.0535,0.87715,0.15336,0.08655,1.3086,3.54434,0.84233,0.000569313,0.000569313,0.000569313
11,60.592,1.46525,2.43676,0.83975,0.05744,0.96958,0.21326,0.13947,1.13593,3.26674,0.83251,0.000563125,0.000563125,0.000563125
12,65.204,1.38279,2.34209,0.83259,0.05605,0.98492,0.22803,0.1408,1.21943,3.10098,0.8455,0.000556938,0.000556938,0.000556938
13,70.1221,1.38569,2.30058,0.82985,0.05633,0.99342,0.266,0.18646,1.09654,2.84869,0.83203,0.00055075,0.00055075,0.00055075
14,75.0289,1.29003,2.21203,0.82618,0.36278,0.35934,0.29895,0.20906,1.09631,2.55127,0.83095,0.000544563,0.000544563,0.000544563
15,79.7481,1.31906,2.20495,0.82292,0.41709,0.34062,0.3096,0.21421,1.08702,2.41086,0.83164,0.000538375,0.000538375,0.000538375
16,84.5425,1.28398,2.16289,0.82321,0.29556,0.40369,0.33054,0.23102,1.10251,2.32405,0.83226,0.000532187,0.000532187,0.000532187
17,89.4126,1.21493,2.06231,0.82037,0.25865,0.48007,0.34087,0.24142,1.05445,2.13894,0.82706,0.000526,0.000526,0.000526
18,94.1449,1.23403,2.00702,0.82198,0.25182,0.51893,0.35309,0.24673,1.14026,2.04488,0.83431,0.000519812,0.000519812,0.000519812
19,99.1609,1.18645,1.99202,0.82153,0.27053,0.50671,0.35423,0.2397,1.1408,2.06707,0.83517,0.000513625,0.000513625,0.000513625
20,104.231,1.1933,1.99547,0.82179,0.2753,0.50076,0.35895,0.25549,1.063,2.1094,0.82737,0.000507438,0.000507438,0.000507438
21,108.946,1.20637,1.94743,0.8223,0.26653,0.55439,0.37852,0.24404,1.22623,1.97221,0.84211,0.00050125,0.00050125,0.00050125
22,113.533,1.19615,1.87933,0.82413,0.2775,0.56756,0.38812,0.28443,1.02464,1.73937,0.83006,0.000495063,0.000495063,0.000495063
23,118.261,1.16863,1.8805,0.81965,0.2958,0.51345,0.40074,0.28646,1.03744,1.73469,0.82904,0.000488875,0.000488875,0.000488875
24,123.066,1.10705,1.83123,0.82027,0.27362,0.55112,0.42195,0.31185,0.98132,1.74305,0.82095,0.000482687,0.000482687,0.000482687
25,127.661,1.12858,1.8348,0.8224,0.2849,0.56753,0.43178,0.30281,1.05695,1.74848,0.8256,0.0004765,0.0004765,0.0004765
26,132.292,1.11982,1.78566,0.82058,0.32275,0.50744,0.43709,0.31814,1.00579,1.65168,0.82375,0.000470312,0.000470312,0.000470312
27,136.951,1.12024,1.75193,0.82195,0.3022,0.55567,0.43815,0.32053,0.99107,1.62629,0.82324,0.000464125,0.000464125,0.000464125
28,141.49,1.11417,1.75606,0.80822,0.32352,0.5437,0.44841,0.33317,0.96864,1.60408,0.82292,0.000457938,0.000457938,0.000457938
29,146.341,1.08232,1.68005,0.80957,0.33287,0.57884,0.44928,0.3314,0.96087,1.59909,0.8232,0.00045175,0.00045175,0.00045175
30,151.087,1.05264,1.63721,0.81378,0.32414,0.68057,0.46015,0.34114,0.95009,1.56347,0.8219,0.000445562,0.000445562,0.000445562
31,155.87,1.06422,1.63496,0.81435,0.35196,0.64219,0.47088,0.34841,0.97634,1.53643,0.82443,0.000439375,0.000439375,0.000439375
32,160.435,1.08606,1.61636,0.81011,0.37126,0.67308,0.48424,0.3611,0.96308,1.51135,0.82098,0.000433187,0.000433187,0.000433187
33,165.271,1.01069,1.54198,0.81121,0.3781,0.65922,0.49325,0.36536,0.96307,1.50505,0.82251,0.000427,0.000427,0.000427
34,169.917,1.03267,1.5441,0.81349,0.39031,0.70172,0.51072,0.37647,0.96177,1.46479,0.82051,0.000420812,0.000420812,0.000420812
35,174.512,1.02517,1.51081,0.80955,0.38051,0.68286,0.49988,0.37215,0.96888,1.50754,0.81935,0.000414625,0.000414625,0.000414625
36,179.135,1.05333,1.49897,0.81426,0.37764,0.68085,0.48862,0.36262,0.94776,1.49978,0.81907,0.000408438,0.000408438,0.000408438
37,183.921,1.08038,1.51614,0.80513,0.42201,0.75175,0.53374,0.39754,0.9317,1.38897,0.81778,0.00040225,0.00040225,0.00040225
38,188.751,1.10854,1.5369,0.80598,0.34754,0.69603,0.48753,0.35001,0.99698,1.58552,0.82244,0.000396063,0.000396063,0.000396063
39,193.495,1.057,1.50906,0.80928,0.40581,0.7157,0.53715,0.40348,0.93869,1.46269,0.818,0.000389875,0.000389875,0.000389875
40,198.192,1.09195,1.45725,0.80316,0.44351,0.77357,0.55964,0.41729,0.93661,1.344,0.81875,0.000383688,0.000383688,0.000383688
41,203.014,1.03707,1.46411,0.80901,0.44578,0.79207,0.56907,0.41974,0.98335,1.33107,0.82292,0.0003775,0.0003775,0.0003775
42,207.511,1.00931,1.43547,0.81199,0.44111,0.78974,0.56724,0.4283,0.92516,1.30979,0.81746,0.000371313,0.000371313,0.000371313
43,212.376,1.05084,1.45757,0.80746,0.45708,0.74812,0.56527,0.43,0.92087,1.30783,0.8185,0.000365125,0.000365125,0.000365125
44,217.416,1.01312,1.40523,0.80729,0.4403,0.74312,0.55527,0.4031,1.01654,1.43785,0.82255,0.000358938,0.000358938,0.000358938
45,221.979,1.04026,1.42549,0.80815,0.43285,0.72163,0.55262,0.42045,0.90418,1.40188,0.81557,0.00035275,0.00035275,0.00035275
46,226.527,0.99946,1.37576,0.80927,0.4629,0.82541,0.5885,0.44385,0.93171,1.27434,0.8191,0.000346563,0.000346563,0.000346563
47,231.092,1.03172,1.4029,0.8032,0.45011,0.7801,0.58874,0.43651,0.93841,1.30089,0.81937,0.000340375,0.000340375,0.000340375
48,235.657,1.05397,1.41815,0.8067,0.4848,0.7882,0.5912,0.45198,0.89702,1.26568,0.81763,0.000334188,0.000334188,0.000334188
49,240.034,1.04468,1.37976,0.8039,0.49374,0.8154,0.58677,0.44378,0.92989,1.28756,0.82027,0.000328,0.000328,0.000328
50,244.811,1.02815,1.3834,0.80333,0.44191,0.76978,0.57551,0.43942,0.90385,1.37909,0.8171,0.000321812,0.000321812,0.000321812
51,249.54,1.01532,1.35439,0.80323,0.46927,0.79399,0.60632,0.46089,0.90364,1.28857,0.81668,0.000315625,0.000315625,0.000315625
52,254.072,0.97603,1.3157,0.80844,0.4972,0.79893,0.61446,0.45848,0.94214,1.2476,0.81901,0.000309437,0.000309437,0.000309437
53,258.697,0.99377,1.32388,0.80398,0.49324,0.76262,0.61431,0.46652,0.89803,1.24976,0.81583,0.00030325,0.00030325,0.00030325
54,263.388,1.01909,1.32839,0.80282,0.49787,0.78102,0.62447,0.47936,0.88378,1.21775,0.81524,0.000297063,0.000297063,0.000297063
55,268.063,0.99037,1.30657,0.8021,0.50973,0.80877,0.61909,0.46694,0.91752,1.23887,0.81821,0.000290875,0.000290875,0.000290875
56,272.82,0.94892,1.25616,0.80269,0.52677,0.79395,0.61731,0.4738,0.8784,1.21916,0.81548,0.000284688,0.000284688,0.000284688
57,277.462,1.00168,1.28897,0.80585,0.50645,0.75383,0.60544,0.46636,0.88676,1.27111,0.8158,0.0002785,0.0002785,0.0002785
58,282.298,0.96083,1.26854,0.80003,0.52319,0.82038,0.63607,0.4822,0.90066,1.16341,0.81498,0.000272313,0.000272313,0.000272313
59,286.955,0.93684,1.26456,0.80209,0.51433,0.76005,0.63242,0.48133,0.8814,1.24357,0.81424,0.000266125,0.000266125,0.000266125
60,291.686,0.98451,1.279,0.79781,0.52642,0.79093,0.65065,0.49937,0.87022,1.18291,0.81399,0.000259938,0.000259938,0.000259938
61,296.232,0.95378,1.24701,0.80321,0.53774,0.8402,0.64562,0.49513,0.88568,1.13717,0.81524,0.00025375,0.00025375,0.00025375
62,300.864,0.95722,1.2283,0.80493,0.53708,0.81766,0.66483,0.50831,0.88311,1.15062,0.8145,0.000247563,0.000247563,0.000247563
63,305.503,0.93553,1.22005,0.79923,0.5652,0.8196,0.67191,0.50995,0.89457,1.12009,0.81666,0.000241375,0.000241375,0.000241375
64,309.96,0.93983,1.21861,0.79867,0.57133,0.80656,0.68106,0.52165,0.89588,1.10592,0.81539,0.000235188,0.000235188,0.000235188
65,314.676,0.96844,1.23365,0.80382,0.55034,0.82438,0.6951,0.53389,0.89181,1.1465,0.8148,0.000229,0.000229,0.000229
66,319.204,0.96598,1.21045,0.79764,0.55182,0.83671,0.68777,0.52905,0.87881,1.11921,0.81369,0.000222813,0.000222813,0.000222813
67,323.806,0.93664,1.20587,0.80159,0.60277,0.82718,0.71344,0.54505,0.90747,1.0822,0.81506,0.000216625,0.000216625,0.000216625
68,328.826,0.92411,1.1556,0.80473,0.57491,0.77634,0.68806,0.52672,0.89556,1.1533,0.81462,0.000210437,0.000210437,0.000210437
69,333.431,0.91204,1.17623,0.80246,0.58784,0.79193,0.69947,0.53943,0.88431,1.13647,0.8145,0.00020425,0.00020425,0.00020425
70,337.96,0.92491,1.15322,0.80028,0.5914,0.76879,0.70777,0.53978,0.9113,1.13119,0.81636,0.000198063,0.000198063,0.000198063
71,342.475,0.95627,1.19331,0.80848,0.60713,0.78597,0.73252,0.56145,0.90758,1.08591,0.81515,0.000191875,0.000191875,0.000191875
72,347.087,1.025,1.19312,0.79954,0.59442,0.81026,0.73339,0.55832,0.92585,1.08798,0.81674,0.000185688,0.000185688,0.000185688
73,351.53,0.98368,1.19196,0.80175,0.60423,0.82214,0.74168,0.57481,0.87194,1.05999,0.81291,0.0001795,0.0001795,0.0001795
74,356.237,0.95957,1.15649,0.8007,0.61651,0.80871,0.74574,0.57756,0.88004,1.07653,0.81338,0.000173313,0.000173313,0.000173313
75,360.968,0.93851,1.14097,0.80208,0.62834,0.85636,0.75447,0.57741,0.88196,1.03522,0.81314,0.000167125,0.000167125,0.000167125
76,365.255,0.93245,1.12243,0.8035,0.61944,0.82443,0.74875,0.57819,0.88612,1.04816,0.81283,0.000160938,0.000160938,0.000160938
77,369.944,0.90951,1.10658,0.80825,0.61494,0.8242,0.75103,0.5781,0.8976,1.04309,0.81419,0.00015475,0.00015475,0.00015475
78,374.631,0.88119,1.10153,0.79456,0.64854,0.80069,0.75987,0.58382,0.86533,1.03313,0.81244,0.000148563,0.000148563,0.000148563
79,379.586,0.93421,1.11777,0.79838,0.6334,0.79754,0.76432,0.58818,0.86616,1.05021,0.81207,0.000142375,0.000142375,0.000142375
80,384.426,0.91394,1.11283,0.79686,0.64413,0.81739,0.77553,0.60209,0.87688,1.01571,0.81177,0.000136187,0.000136187,0.000136187
81,389.425,0.9068,1.09986,0.79988,0.63215,0.84102,0.77062,0.5996,0.86601,1.00056,0.81209,0.00013,0.00013,0.00013
82,393.999,0.89938,1.09305,0.79872,0.63811,0.82802,0.76847,0.59703,0.87042,1.00798,0.81181,0.000123812,0.000123812,0.000123812
83,398.878,0.90189,1.09502,0.80037,0.63781,0.83396,0.77753,0.60676,0.86143,0.99351,0.81074,0.000117625,0.000117625,0.000117625
84,403.523,0.93626,1.10798,0.7978,0.63958,0.84083,0.78295,0.60852,0.85999,0.9899,0.81,0.000111438,0.000111438,0.000111438
85,408.025,0.90481,1.07878,0.80051,0.64612,0.83208,0.78013,0.59721,0.87826,1.00917,0.81111,0.00010525,0.00010525,0.00010525
86,412.688,0.93418,1.11153,0.7976,0.63546,0.85565,0.77128,0.60123,0.86599,1.01092,0.81052,9.90625e-05,9.90625e-05,9.90625e-05
87,417.402,0.86729,1.03999,0.80097,0.66585,0.84054,0.774,0.60513,0.85811,0.98039,0.81057,9.2875e-05,9.2875e-05,9.2875e-05
88,422.08,0.89891,1.08453,0.79729,0.65189,0.8514,0.78011,0.60376,0.87374,0.97538,0.81117,8.66875e-05,8.66875e-05,8.66875e-05
89,426.769,0.89076,1.05507,0.79591,0.65062,0.83564,0.7825,0.60844,0.87397,0.98276,0.8117,8.05e-05,8.05e-05,8.05e-05
90,431.474,0.91538,1.09142,0.79664,0.63331,0.82753,0.77899,0.60183,0.87825,1.01332,0.81232,7.43125e-05,7.43125e-05,7.43125e-05
91,435.967,0.8329,1.13336,0.7995,0.69225,0.8405,0.80418,0.62177,0.8739,0.94334,0.81155,6.8125e-05,6.8125e-05,6.8125e-05
92,440.515,0.83178,1.08232,0.80072,0.65258,0.84077,0.77478,0.60672,0.85711,0.96873,0.81052,6.19375e-05,6.19375e-05,6.19375e-05
93,445.039,0.8229,1.06575,0.8021,0.66908,0.83423,0.78027,0.60717,0.85782,0.94862,0.81068,5.575e-05,5.575e-05,5.575e-05
94,449.473,0.8389,1.05052,0.80012,0.65014,0.83564,0.76781,0.58863,0.87907,1.0101,0.81266,4.95625e-05,4.95625e-05,4.95625e-05
95,453.784,0.80077,1.01371,0.79745,0.65243,0.83964,0.77263,0.5877,0.89753,1.00336,0.81349,4.3375e-05,4.3375e-05,4.3375e-05
96,458.078,0.79973,0.99841,0.79944,0.68911,0.86032,0.78729,0.60373,0.88587,0.96954,0.81279,3.71875e-05,3.71875e-05,3.71875e-05
97,462.559,0.80907,1.02251,0.79928,0.696,0.85209,0.7914,0.60733,0.87183,0.9537,0.81167,3.1e-05,3.1e-05,3.1e-05
98,467.144,0.80853,1.01128,0.8001,0.67517,0.86099,0.78408,0.60351,0.87442,0.96398,0.81181,2.48125e-05,2.48125e-05,2.48125e-05
99,471.8,0.81463,0.9963,0.79737,0.66492,0.86705,0.78005,0.60045,0.8789,0.9764,0.81224,1.8625e-05,1.8625e-05,1.8625e-05
100,476.089,0.78962,0.98848,0.79904,0.6578,0.86932,0.77882,0.59898,0.87557,0.9775,0.81208,1.24375e-05,1.24375e-05,1.24375e-05
